{"cameraMode":{"drawMode":0,"name":"Shaded","section":"Shading Mode"},"sceneLighting":true,"audioPlay":false,"sceneViewState":{"showFog":true,"showMaterialUpdate":false,"showSkybox":true,"showFlares":true,"showImageEffects":true,"showParticleSystems":false},"in2DMode":false,"pivot":{"x":9.113590240478516,"y":7.487920761108398,"z":-3.09144926071167},"rotation":{"x":0.37075769901275637,"y":-0.12867264449596406,"z":0.05206252634525299,"w":0.9184288382530212},"size":8.622821807861329,"orthographic":false}